term,df,SumOfSqs,R2,statistic,p.value
invasion,2,1.0664057136944443,0.08111596100586124,3.003268485393886,0.001
crust,1,0.11050772664356456,0.008405750578934147,0.6224354737773546,0.869
invasion:crust,2,0.25207170290224035,0.019173789263058873,0.7098977356030768,0.824
Residual,66,11.717696477376789,0.8913044991521459,NA,NA
Total,71,13.146681620617036,1,NA,NA
