term,df,SumOfSqs,R2,statistic,p.value
invasion,2,1.0664057136944434,0.08111596100586119,3.003268485393884,0.001
crust,1,0.11050772664356412,0.008405750578934114,0.6224354737773522,0.869
invasion:crust,2,0.2520717029022399,0.01917378926305884,0.7098977356030757,0.824
Residual,66,11.717696477376787,0.8913044991521457,NA,NA
Total,71,13.146681620617036,1,NA,NA
