term,df,SumOfSqs,R2,statistic,p.value
invasion,2,1.066405713694443,0.08111596100586115,3.0032684853938827,0.001
crust,1,0.11050772664356434,0.00840575057893413,0.6224354737773534,0.874
invasion:crust,2,0.2520717029022408,0.019173789263058908,0.7098977356030781,0.814
Residual,66,11.717696477376787,0.8913044991521457,NA,NA
Total,71,13.146681620617036,1,NA,NA
